run_id,run_dir,reward_fn,learning_rate,clip_range,epoch,inner_epoch,_step,history_step_num,loss,approx_kl,clipfrac,reward,reward_mean,reward_std,_runtime,_timestamp,images/_type,images/captions,images/count,images/filenames,images/format,images/height,images/width
lr_1e_4,/root/autodl-tmp/ddpo_pytorch_lr_sweep_2026-05-06/run/jpeg_4090_lr_1e_4_2026.05.06_18.08.10,jpeg_compressibility,0.0001,0.0001,0,0,0,0,1.0616834958096255,1.9058436773189413e-10,0.019999999552965164,"[-137.378, -147.317, -42.906, -81.031]",-102.158,42.53508350174006,27.158004984,1778062111.355025,images/separated,"['howler monkey, howler | -81.03']",1,['media/images/images_0_7ce9d2f4dd8db3090b6e.jpg'],jpg,256,256
lr_1e_4,/root/autodl-tmp/ddpo_pytorch_lr_sweep_2026-05-06/run/jpeg_4090_lr_1e_4_2026.05.06_18.08.10,jpeg_compressibility,0.0001,0.0001,0,0,1,1,-0.49669271593254877,6.00351324209214e-10,0.019999999552965164,,,,34.3168222,1778062118.5493748,,,,,,,
lr_1e_4,/root/autodl-tmp/ddpo_pytorch_lr_sweep_2026-05-06/run/jpeg_4090_lr_1e_4_2026.05.06_18.08.10,jpeg_compressibility,0.0001,0.0001,0,0,2,2,-1.3930059546757887,2.4883445304269003e-10,0.019999999552965164,,,,41.607293344,1778062125.7081707,,,,,,,
lr_1e_4,/root/autodl-tmp/ddpo_pytorch_lr_sweep_2026-05-06/run/jpeg_4090_lr_1e_4_2026.05.06_18.08.10,jpeg_compressibility,0.0001,0.0001,0,0,3,3,0.8280166842387311,4.517965557226944e-09,0.03999999910593033,,,,50.218876854,1778062132.9987307,,,,,,,
lr_1e_4,/root/autodl-tmp/ddpo_pytorch_lr_sweep_2026-05-06/run/jpeg_4090_lr_1e_4_2026.05.06_18.08.10,jpeg_compressibility,0.0001,0.0001,1,0,4,4,-0.5519054856951436,1.4648635082714634e-10,0.019999999552965164,"[-72.713, -93.295, -127.939, -135.919]",-107.4665,25.677349877859285,64.711087219,1778062148.8453643,images/separated,['scorpion | -135.92'],1,['media/images/images_3_e1121caf2d7e5fa4c8d6.jpg'],jpg,256,256
lr_1e_4,/root/autodl-tmp/ddpo_pytorch_lr_sweep_2026-05-06/run/jpeg_4090_lr_1e_4_2026.05.06_18.08.10,jpeg_compressibility,0.0001,0.0001,1,0,5,5,0.7972960786622258,1.1439542368929523e-10,0,,,,71.892757779,1778062156.1024904,,,,,,,
lr_1e_4,/root/autodl-tmp/ddpo_pytorch_lr_sweep_2026-05-06/run/jpeg_4090_lr_1e_4_2026.05.06_18.08.10,jpeg_compressibility,0.0001,0.0001,1,0,6,6,1.108072307778803,7.300629545348158e-10,0.03999999910593033,,,,79.16931315,1778062163.2842796,,,,,,,
lr_1e_4,/root/autodl-tmp/ddpo_pytorch_lr_sweep_2026-05-06/run/jpeg_4090_lr_1e_4_2026.05.06_18.08.10,jpeg_compressibility,0.0001,0.0001,1,0,7,7,-1.3534681662448873,1.482250711060118e-10,0,,,,88.167943428,1778062170.560687,,,,,,,
lr_1e_4,/root/autodl-tmp/ddpo_pytorch_lr_sweep_2026-05-06/run/jpeg_4090_lr_1e_4_2026.05.06_18.08.10,jpeg_compressibility,0.0001,0.0001,2,0,8,8,0.1363564696155663,2.461972813116997e-11,0,"[-108.901, -93.478, -123.231, -104.163]",-107.44325,10.690724165719551,102.24201485,1778062186.345466,images/separated,"['howler monkey, howler | -104.16']",1,['media/images/images_7_cd658adf0399ab94f2f1.jpg'],jpg,256,256
lr_1e_4,/root/autodl-tmp/ddpo_pytorch_lr_sweep_2026-05-06/run/jpeg_4090_lr_1e_4_2026.05.06_18.08.10,jpeg_compressibility,0.0001,0.0001,2,0,9,9,-1.3062884468811873,3.6993638707905063e-10,0.019999999552965164,,,,109.514642749,1778062193.633457,,,,,,,
lr_1e_4,/root/autodl-tmp/ddpo_pytorch_lr_sweep_2026-05-06/run/jpeg_4090_lr_1e_4_2026.05.06_18.08.10,jpeg_compressibility,0.0001,0.0001,2,0,10,10,-0.3068293343510103,8.768442638640295e-10,0.03999999910593033,,,,116.865583502,1778062200.9060407,,,,,,,
lr_1e_4,/root/autodl-tmp/ddpo_pytorch_lr_sweep_2026-05-06/run/jpeg_4090_lr_1e_4_2026.05.06_18.08.10,jpeg_compressibility,0.0001,0.0001,2,0,11,11,1.4767602581815953,3.7588249179876243e-10,0.019999999552965164,,,,125.926579346,1778062208.2563493,,,,,,,
lr_1e_4,/root/autodl-tmp/ddpo_pytorch_lr_sweep_2026-05-06/run/jpeg_4090_lr_1e_4_2026.05.06_18.08.10,jpeg_compressibility,0.0001,0.0001,3,0,12,12,0.24662907474215182,3.961779168615287e-11,0,"[-78.887, -109.85, -169.307, -130.143]",-122.04675,32.82759976281391,140.611937123,1778062224.543267,images/separated,"['clumber, clumber spaniel | -130.14']",1,['media/images/images_11_9bed160ecd37dc1ef3ca.jpg'],jpg,256,256
lr_1e_4,/root/autodl-tmp/ddpo_pytorch_lr_sweep_2026-05-06/run/jpeg_4090_lr_1e_4_2026.05.06_18.08.10,jpeg_compressibility,0.0001,0.0001,3,0,13,13,1.439643738411677,1.738525712280392e-10,0,,,,147.979700865,1778062232.0033271,,,,,,,
lr_1e_4,/root/autodl-tmp/ddpo_pytorch_lr_sweep_2026-05-06/run/jpeg_4090_lr_1e_4_2026.05.06_18.08.10,jpeg_compressibility,0.0001,0.0001,3,0,14,14,-0.3715375096988361,2.455974867920929e-10,0,,,,155.368571132,1778062239.3710618,,,,,,,
lr_1e_4,/root/autodl-tmp/ddpo_pytorch_lr_sweep_2026-05-06/run/jpeg_4090_lr_1e_4_2026.05.06_18.08.10,jpeg_compressibility,0.0001,0.0001,3,0,15,15,-1.3147264256892035,9.236387210620478e-10,0.03999999910593033,,,,164.361826594,1778062246.7599015,,,,,,,
lr_1e_4,/root/autodl-tmp/ddpo_pytorch_lr_sweep_2026-05-06/run/jpeg_4090_lr_1e_4_2026.05.06_18.08.10,jpeg_compressibility,0.0001,0.0001,4,0,16,16,1.0639919039274157,3.2685385648045795e-11,0,"[-92.203, -86.163, -128.88, -126.123]",-108.34224999999999,19.30251775514013,178.859085977,1778062262.9770865,images/separated,"['nematode, nematode worm,  | -126.12']",1,['media/images/images_15_a9c6f5fc2cec1c4e1480.jpg'],jpg,256,256
lr_1e_4,/root/autodl-tmp/ddpo_pytorch_lr_sweep_2026-05-06/run/jpeg_4090_lr_1e_4_2026.05.06_18.08.10,jpeg_compressibility,0.0001,0.0001,4,0,17,17,0.9211624236966828,1.1537061306299279e-09,0.019999999552965164,,,,186.153014878,1778062270.2505047,,,,,,,
lr_1e_4,/root/autodl-tmp/ddpo_pytorch_lr_sweep_2026-05-06/run/jpeg_4090_lr_1e_4_2026.05.06_18.08.10,jpeg_compressibility,0.0001,0.0001,4,0,18,18,-1.1490310445045315,2.864895543019941e-10,0.019999999552965164,,,,193.408972209,1778062277.5444784,,,,,,,
lr_1e_4,/root/autodl-tmp/ddpo_pytorch_lr_sweep_2026-05-06/run/jpeg_4090_lr_1e_4_2026.05.06_18.08.10,jpeg_compressibility,0.0001,0.0001,4,0,19,19,-0.8361171795400223,2.397349541105598e-10,0.019999999552965164,,,,201.99520209,1778062284.8003373,,,,,,,
lr_1e_4,/root/autodl-tmp/ddpo_pytorch_lr_sweep_2026-05-06/run/jpeg_4090_lr_1e_4_2026.05.06_18.08.10,jpeg_compressibility,0.0001,0.0001,5,0,20,20,-0.015450911342478215,6.912477534815054e-11,0,"[-168.542, -99.31, -111.539, -68.995]",-112.09649999999999,36.08198706072048,216.530675174,1778062300.6325908,images/separated,"['junco, snowbird | -69.00']",1,['media/images/images_19_6e49c1d0672ae207ba99.jpg'],jpg,256,256
lr_1e_4,/root/autodl-tmp/ddpo_pytorch_lr_sweep_2026-05-06/run/jpeg_4090_lr_1e_4_2026.05.06_18.08.10,jpeg_compressibility,0.0001,0.0001,5,0,21,21,-0.3543714270644995,4.150389754098427e-10,0.019999999552965164,,,,223.919388891,1778062307.9220705,,,,,,,
lr_1e_4,/root/autodl-tmp/ddpo_pytorch_lr_sweep_2026-05-06/run/jpeg_4090_lr_1e_4_2026.05.06_18.08.10,jpeg_compressibility,0.0001,0.0001,5,0,22,22,-1.1945366223523888,3.15138443118812e-10,0.019999999552965164,,,,231.262787666,1778062315.3106008,,,,,,,
lr_1e_4,/root/autodl-tmp/ddpo_pytorch_lr_sweep_2026-05-06/run/jpeg_4090_lr_1e_4_2026.05.06_18.08.10,jpeg_compressibility,0.0001,0.0001,5,0,23,23,1.5643669119601438,2.3167433249593472e-10,0.019999999552965164,,,,240.134387047,1778062322.6542208,,,,,,,
lr_1e_4,/root/autodl-tmp/ddpo_pytorch_lr_sweep_2026-05-06/run/jpeg_4090_lr_1e_4_2026.05.06_18.08.10,jpeg_compressibility,0.0001,0.0001,6,0,24,24,0.04106549006386213,7.902849208374363e-11,0,"[-116.261, -102.69, -137.727, -106.122]",-115.7,13.661091043544072,254.801974028,1778062338.7678137,images/separated,"['Angora, Angora rabbit | -106.12']",1,['media/images/images_23_47f62c9022e41b8b52e7.jpg'],jpg,256,256
lr_1e_4,/root/autodl-tmp/ddpo_pytorch_lr_sweep_2026-05-06/run/jpeg_4090_lr_1e_4_2026.05.06_18.08.10,jpeg_compressibility,0.0001,0.0001,6,0,25,25,-0.7011129843341246,1.6323849216792752e-10,0,,,,262.134415733,1778062346.1932635,,,,,,,
lr_1e_4,/root/autodl-tmp/ddpo_pytorch_lr_sweep_2026-05-06/run/jpeg_4090_lr_1e_4_2026.05.06_18.08.10,jpeg_compressibility,0.0001,0.0001,6,0,26,26,-0.9523351688337047,2.205888943729306e-10,0.019999999552965164,,,,269.46346586,1778062353.525798,,,,,,,
lr_1e_4,/root/autodl-tmp/ddpo_pytorch_lr_sweep_2026-05-06/run/jpeg_4090_lr_1e_4_2026.05.06_18.08.10,jpeg_compressibility,0.0001,0.0001,6,0,27,27,1.6123814402581473,1.9468759937524283e-10,0.019999999552965164,,,,277.949288529,1778062360.8548126,,,,,,,
lr_1e_4,/root/autodl-tmp/ddpo_pytorch_lr_sweep_2026-05-06/run/jpeg_4090_lr_1e_4_2026.05.06_18.08.10,jpeg_compressibility,0.0001,0.0001,7,0,28,28,-1.411653553380479,3.56992074790341e-11,0,"[-124.178, -92.463, -112.694, -72.896]",-100.55775,19.595293853053082,292.465297806,1778062376.5647783,images/separated,['conch | -72.90'],1,['media/images/images_27_ca57e4cda3a19ae9a247.jpg'],jpg,256,256
lr_1e_4,/root/autodl-tmp/ddpo_pytorch_lr_sweep_2026-05-06/run/jpeg_4090_lr_1e_4_2026.05.06_18.08.10,jpeg_compressibility,0.0001,0.0001,7,0,29,29,0.619342493998078,1.1370251268294496e-10,0,,,,299.679186995,1778062383.8566663,,,,,,,
lr_1e_4,/root/autodl-tmp/ddpo_pytorch_lr_sweep_2026-05-06/run/jpeg_4090_lr_1e_4_2026.05.06_18.08.10,jpeg_compressibility,0.0001,0.0001,7,0,30,30,-0.41309645284773,5.587995066669293e-10,0.03999999910593033,,,,306.959300795,1778062391.0705924,,,,,,,
lr_1e_4,/root/autodl-tmp/ddpo_pytorch_lr_sweep_2026-05-06/run/jpeg_4090_lr_1e_4_2026.05.06_18.08.10,jpeg_compressibility,0.0001,0.0001,7,0,31,31,1.205402561251656,8.121450179032763e-10,0.019999999552965164,,,,315.444685657,1778062398.3506322,,,,,,,
lr_1e_4,/root/autodl-tmp/ddpo_pytorch_lr_sweep_2026-05-06/run/jpeg_4090_lr_1e_4_2026.05.06_18.08.10,jpeg_compressibility,0.0001,0.0001,8,0,32,32,0.12087058976591823,1.0764621832803911e-10,0,"[-55.264, -70.67, -66.962, -84.704]",-69.4,10.507088749982078,329.895728458,1778062414.0528636,images/separated,"['tiger shark, Galeocerdo c | -84.70']",1,['media/images/images_31_ff8c0855a980e2bf55b6.jpg'],jpg,256,256
lr_1e_4,/root/autodl-tmp/ddpo_pytorch_lr_sweep_2026-05-06/run/jpeg_4090_lr_1e_4_2026.05.06_18.08.10,jpeg_compressibility,0.0001,0.0001,8,0,33,33,-0.23203420694320576,5.40403798099387e-11,0,,,,337.105629159,1778062421.2871327,,,,,,,
lr_1e_4,/root/autodl-tmp/ddpo_pytorch_lr_sweep_2026-05-06/run/jpeg_4090_lr_1e_4_2026.05.06_18.08.10,jpeg_compressibility,0.0001,0.0001,8,0,34,34,1.4565411140350681,3.4872424392595747e-10,0.019999999552965164,,,,344.393685547,1778062428.497006,,,,,,,
lr_1e_4,/root/autodl-tmp/ddpo_pytorch_lr_sweep_2026-05-06/run/jpeg_4090_lr_1e_4_2026.05.06_18.08.10,jpeg_compressibility,0.0001,0.0001,8,0,35,35,-1.34536801985354,7.293079473669195e-10,0.019999999552965164,,,,352.923270086,1778062435.785056,,,,,,,
lr_1e_4,/root/autodl-tmp/ddpo_pytorch_lr_sweep_2026-05-06/run/jpeg_4090_lr_1e_4_2026.05.06_18.08.10,jpeg_compressibility,0.0001,0.0001,9,0,36,36,0.5840001965423496,1.1206954808606895e-10,0,"[-99.225, -73.177, -130.189, -117.556]",-105.03675,21.437043923719983,367.703776525,1778062451.5847502,images/separated,"['clumber, clumber spaniel | -117.56']",1,['media/images/images_35_c9372581e77911f3bdc8.jpg'],jpg,256,256
lr_1e_4,/root/autodl-tmp/ddpo_pytorch_lr_sweep_2026-05-06/run/jpeg_4090_lr_1e_4_2026.05.06_18.08.10,jpeg_compressibility,0.0001,0.0001,9,0,37,37,-1.4861973429198938,2.2066483362781497e-10,0.019999999552965164,,,,375.189022872,1778062459.0949757,,,,,,,
lr_1e_4,/root/autodl-tmp/ddpo_pytorch_lr_sweep_2026-05-06/run/jpeg_4090_lr_1e_4_2026.05.06_18.08.10,jpeg_compressibility,0.0001,0.0001,9,0,38,38,1.1733060106517357,6.021819154433672e-11,0,,,,382.560593195,1778062466.5802875,,,,,,,
lr_1e_4,/root/autodl-tmp/ddpo_pytorch_lr_sweep_2026-05-06/run/jpeg_4090_lr_1e_4_2026.05.06_18.08.10,jpeg_compressibility,0.0001,0.0001,9,0,39,39,-0.271106959501111,5.534653291228153e-10,0.03999999910593033,,,,391.618757738,1778062473.951973,,,,,,,
lr_1e_4,/root/autodl-tmp/ddpo_pytorch_lr_sweep_2026-05-06/run/jpeg_4090_lr_1e_4_2026.05.06_18.08.10,jpeg_compressibility,0.0001,0.0001,10,0,40,40,-1.6589024211750216,3.893968134049963e-11,0,"[-119.043, -63.672, -103.082, -118.983]",-101.19500000000001,22.619130984633344,406.471685476,1778062490.424345,images/separated,"['flatworm, platyhelminth | -118.98']",1,['media/images/images_39_258843d85ee27eda808e.jpg'],jpg,256,256
lr_1e_4,/root/autodl-tmp/ddpo_pytorch_lr_sweep_2026-05-06/run/jpeg_4090_lr_1e_4_2026.05.06_18.08.10,jpeg_compressibility,0.0001,0.0001,10,0,41,41,0.08342488208203587,5.363180038964188e-11,0,,,,413.861484048,1778062497.8631043,,,,,,,
lr_1e_4,/root/autodl-tmp/ddpo_pytorch_lr_sweep_2026-05-06/run/jpeg_4090_lr_1e_4_2026.05.06_18.08.10,jpeg_compressibility,0.0001,0.0001,10,0,42,42,0.7864125017466161,1.646902891838664e-10,0,,,,421.045849754,1778062505.2529182,,,,,,,
lr_1e_4,/root/autodl-tmp/ddpo_pytorch_lr_sweep_2026-05-06/run/jpeg_4090_lr_1e_4_2026.05.06_18.08.10,jpeg_compressibility,0.0001,0.0001,10,0,43,43,0.7890649710046964,1.5967697997165686e-10,0,,,,429.705560929,1778062512.4372525,,,,,,,
lr_1e_4,/root/autodl-tmp/ddpo_pytorch_lr_sweep_2026-05-06/run/jpeg_4090_lr_1e_4_2026.05.06_18.08.10,jpeg_compressibility,0.0001,0.0001,11,0,44,44,-0.8648340408581118,8.493593328662286e-11,0,"[-131.852, -115.549, -155.221, -115.688]",-129.57750000000001,16.220969954044055,444.045381578,1778062528.1879842,images/separated,"['African chameleon, Chamae | -115.69']",1,['media/images/images_43_3a66adad0c0f54e8ddc3.jpg'],jpg,256,256
lr_1e_4,/root/autodl-tmp/ddpo_pytorch_lr_sweep_2026-05-06/run/jpeg_4090_lr_1e_4_2026.05.06_18.08.10,jpeg_compressibility,0.0001,0.0001,11,0,45,45,1.5808851225488,8.519005639806565e-11,0,,,,451.242346158,1778062535.4367301,,,,,,,
lr_1e_4,/root/autodl-tmp/ddpo_pytorch_lr_sweep_2026-05-06/run/jpeg_4090_lr_1e_4_2026.05.06_18.08.10,jpeg_compressibility,0.0001,0.0001,11,0,46,46,-0.8562625586176111,7.768770071692188e-10,0.019999999552965164,,,,458.350154241,1778062542.6337397,,,,,,,
lr_1e_4,/root/autodl-tmp/ddpo_pytorch_lr_sweep_2026-05-06/run/jpeg_4090_lr_1e_4_2026.05.06_18.08.10,jpeg_compressibility,0.0001,0.0001,11,0,47,47,0.14021978118601833,2.3131427329126097e-10,0.019999999552965164,,,,466.888058826,1778062549.7417295,,,,,,,
lr_1e_4,/root/autodl-tmp/ddpo_pytorch_lr_sweep_2026-05-06/run/jpeg_4090_lr_1e_4_2026.05.06_18.08.10,jpeg_compressibility,0.0001,0.0001,12,0,48,48,-0.756122477807501,1.4721074359513864e-10,0,"[-97.396, -137.851, -134.563, -87.177]",-114.24675,22.285812598770093,481.173561712,1778062565.3808444,images/separated,"['Saluki, gazelle hound | -87.18']",1,['media/images/images_47_d9048af2712996726367.jpg'],jpg,256,256
lr_1e_4,/root/autodl-tmp/ddpo_pytorch_lr_sweep_2026-05-06/run/jpeg_4090_lr_1e_4_2026.05.06_18.08.10,jpeg_compressibility,0.0001,0.0001,12,0,49,49,1.0591576774597908,2.150149919222244e-10,0.019999999552965164,,,,488.348484634,1778062572.5649502,,,,,,,
lr_1e_4,/root/autodl-tmp/ddpo_pytorch_lr_sweep_2026-05-06/run/jpeg_4090_lr_1e_4_2026.05.06_18.08.10,jpeg_compressibility,0.0001,0.0001,12,0,50,50,-1.2146622929933095,4.0192627004387305e-11,0,,,,495.48210642,1778062579.7399447,,,,,,,
lr_1e_4,/root/autodl-tmp/ddpo_pytorch_lr_sweep_2026-05-06/run/jpeg_4090_lr_1e_4_2026.05.06_18.08.10,jpeg_compressibility,0.0001,0.0001,12,0,51,51,0.9116193374312688,2.1585790099809543e-10,0,,,,503.976223627,1778062586.8734684,,,,,,,
lr_1e_4,/root/autodl-tmp/ddpo_pytorch_lr_sweep_2026-05-06/run/jpeg_4090_lr_1e_4_2026.05.06_18.08.10,jpeg_compressibility,0.0001,0.0001,13,0,52,52,-1.1737371357922894,5.828664634277558e-11,0,"[-173.533, -76.581, -42.607, -103.589]",-99.0775,48.111809867744526,518.501727182,1778062602.6206539,images/separated,['macaque | -103.59'],1,['media/images/images_51_7ec16129f534121215ba.jpg'],jpg,256,256
lr_1e_4,/root/autodl-tmp/ddpo_pytorch_lr_sweep_2026-05-06/run/jpeg_4090_lr_1e_4_2026.05.06_18.08.10,jpeg_compressibility,0.0001,0.0001,13,0,53,53,1.5475461736389853,6.37080110887922e-10,0.019999999552965164,,,,525.736394843,1778062609.893184,,,,,,,
lr_1e_4,/root/autodl-tmp/ddpo_pytorch_lr_sweep_2026-05-06/run/jpeg_4090_lr_1e_4_2026.05.06_18.08.10,jpeg_compressibility,0.0001,0.0001,13,0,54,54,-0.4675881716233709,5.895238464059815e-11,0,,,,533.042027069,1778062617.1278598,,,,,,,
lr_1e_4,/root/autodl-tmp/ddpo_pytorch_lr_sweep_2026-05-06/run/jpeg_4090_lr_1e_4_2026.05.06_18.08.10,jpeg_compressibility,0.0001,0.0001,13,0,55,55,0.09377077417469179,2.3052167119619327e-10,0,,,,541.839204381,1778062624.4333742,,,,,,,
lr_1e_4,/root/autodl-tmp/ddpo_pytorch_lr_sweep_2026-05-06/run/jpeg_4090_lr_1e_4_2026.05.06_18.08.10,jpeg_compressibility,0.0001,0.0001,14,0,56,56,0.5126600253647563,1.635304912317448e-11,0,"[-98.571, -130.553, -147.538, -105.235]",-120.47425000000001,19.659697777114992,556.263239018,1778062640.465575,images/separated,['Australian terrier | -105.23'],1,['media/images/images_55_6ec48880c7f6f40563e1.jpg'],jpg,256,256
lr_1e_4,/root/autodl-tmp/ddpo_pytorch_lr_sweep_2026-05-06/run/jpeg_4090_lr_1e_4_2026.05.06_18.08.10,jpeg_compressibility,0.0001,0.0001,14,0,57,57,1.3766056184157385,2.629448880853147e-10,0.019999999552965164,,,,563.322752833,1778062647.654671,,,,,,,
lr_1e_4,/root/autodl-tmp/ddpo_pytorch_lr_sweep_2026-05-06/run/jpeg_4090_lr_1e_4_2026.05.06_18.08.10,jpeg_compressibility,0.0001,0.0001,14,0,58,58,-0.7751480952493899,3.8399702861902085e-10,0.03999999910593033,,,,570.537082897,1778062654.714109,,,,,,,
lr_1e_4,/root/autodl-tmp/ddpo_pytorch_lr_sweep_2026-05-06/run/jpeg_4090_lr_1e_4_2026.05.06_18.08.10,jpeg_compressibility,0.0001,0.0001,14,0,59,59,-1.1141044118024521,1.5682252163529142e-09,0.03999999910593033,,,,579.049654681,1778062661.928419,,,,,,,
lr_1e_4,/root/autodl-tmp/ddpo_pytorch_lr_sweep_2026-05-06/run/jpeg_4090_lr_1e_4_2026.05.06_18.08.10,jpeg_compressibility,0.0001,0.0001,15,0,60,60,-1.1019651822093637,7.766759457794592e-11,0,"[-87.725, -125.899, -95.493, -104.749]",-103.4665,14.284899255857567,593.539716684,1778062677.65889,images/separated,['admiral | -104.75'],1,['media/images/images_59_ed67c25063128ad74dce.jpg'],jpg,256,256
lr_1e_4,/root/autodl-tmp/ddpo_pytorch_lr_sweep_2026-05-06/run/jpeg_4090_lr_1e_4_2026.05.06_18.08.10,jpeg_compressibility,0.0001,0.0001,15,0,61,61,1.5703597913672571,7.788305556033492e-10,0.019999999552965164,,,,600.897720941,1778062684.9310741,,,,,,,
lr_1e_4,/root/autodl-tmp/ddpo_pytorch_lr_sweep_2026-05-06/run/jpeg_4090_lr_1e_4_2026.05.06_18.08.10,jpeg_compressibility,0.0001,0.0001,15,0,62,62,0.08978024332688911,8.799042744422891e-11,0,,,,608.321514113,1778062692.2891104,,,,,,,
lr_1e_4,/root/autodl-tmp/ddpo_pytorch_lr_sweep_2026-05-06/run/jpeg_4090_lr_1e_4_2026.05.06_18.08.10,jpeg_compressibility,0.0001,0.0001,15,0,63,63,-0.5581733180614963,2.183227904017926e-10,0.019999999552965164,,,,617.248283581,1778062699.7129157,,,,,,,
lr_1e_4,/root/autodl-tmp/ddpo_pytorch_lr_sweep_2026-05-06/run/jpeg_4090_lr_1e_4_2026.05.06_18.08.10,jpeg_compressibility,0.0001,0.0001,16,0,64,64,-0.8766230887212553,4.0386677335746413e-10,0.019999999552965164,"[-162.613, -69.335, -143.091, -59.602]",-108.66024999999999,44.85967832795394,631.94860915,1778062715.9599075,images/separated,"['red-breasted merganser, M | -59.60']",1,['media/images/images_63_ca3001e87d48ace5dbf9.jpg'],jpg,256,256
lr_1e_4,/root/autodl-tmp/ddpo_pytorch_lr_sweep_2026-05-06/run/jpeg_4090_lr_1e_4_2026.05.06_18.08.10,jpeg_compressibility,0.0001,0.0001,16,0,65,65,0.7675157774087807,4.234660400115331e-10,0.019999999552965164,,,,639.372329643,1778062723.340046,,,,,,,
lr_1e_4,/root/autodl-tmp/ddpo_pytorch_lr_sweep_2026-05-06/run/jpeg_4090_lr_1e_4_2026.05.06_18.08.10,jpeg_compressibility,0.0001,0.0001,16,0,66,66,1.2027011635831528,1.248457170976991e-10,0,,,,646.867672818,1778062730.7636373,,,,,,,
lr_1e_4,/root/autodl-tmp/ddpo_pytorch_lr_sweep_2026-05-06/run/jpeg_4090_lr_1e_4_2026.05.06_18.08.10,jpeg_compressibility,0.0001,0.0001,16,0,67,67,-1.0935917860754456,5.0058828610088923e-11,0,,,,655.668010149,1778062738.2589202,,,,,,,
lr_1e_4,/root/autodl-tmp/ddpo_pytorch_lr_sweep_2026-05-06/run/jpeg_4090_lr_1e_4_2026.05.06_18.08.10,jpeg_compressibility,0.0001,0.0001,17,0,68,68,1.0255653135795963,7.041187771728019e-11,0,"[-94.232, -117.287, -120.185, -78.039]",-102.43575,17.30677921184355,668.706664765,1778062754.2086706,images/separated,"['guinea pig, Cavia cobaya | -78.04']",1,['media/images/images_67_74e8db2cb31612b9e1d4.jpg'],jpg,256,256
lr_1e_4,/root/autodl-tmp/ddpo_pytorch_lr_sweep_2026-05-06/run/jpeg_4090_lr_1e_4_2026.05.06_18.08.10,jpeg_compressibility,0.0001,0.0001,17,0,69,69,0.8581114843029753,1.1203208361010297e-09,0.03999999910593033,,,,675.929653319,1778062760.098177,,,,,,,
lr_1e_4,/root/autodl-tmp/ddpo_pytorch_lr_sweep_2026-05-06/run/jpeg_4090_lr_1e_4_2026.05.06_18.08.10,jpeg_compressibility,0.0001,0.0001,17,0,70,70,-0.4740173181327809,6.506833960528979e-10,0.019999999552965164,,,,683.272210551,1778062767.320899,,,,,,,
lr_1e_4,/root/autodl-tmp/ddpo_pytorch_lr_sweep_2026-05-06/run/jpeg_4090_lr_1e_4_2026.05.06_18.08.10,jpeg_compressibility,0.0001,0.0001,17,0,71,71,-1.4096591825073432,6.483004688639937e-10,0.019999999552965164,,,,691.894465523,1778062774.663587,,,,,,,
lr_1e_4,/root/autodl-tmp/ddpo_pytorch_lr_sweep_2026-05-06/run/jpeg_4090_lr_1e_4_2026.05.06_18.08.10,jpeg_compressibility,0.0001,0.0001,18,0,72,72,-1.2508559990887778,4.203512884992655e-11,0,"[-174.763, -186.988, -83.668, -107.673]",-138.273,43.654144562687286,706.156067008,1778062790.301596,images/separated,"['American chameleon, anole | -107.67']",1,['media/images/images_71_e0e0fe05dfe2dcade439.jpg'],jpg,256,256
lr_1e_4,/root/autodl-tmp/ddpo_pytorch_lr_sweep_2026-05-06/run/jpeg_4090_lr_1e_4_2026.05.06_18.08.10,jpeg_compressibility,0.0001,0.0001,18,0,73,73,0.8358912503775384,1.9354336189270072e-10,0.019999999552965164,,,,713.329660771,1778062797.5474882,,,,,,,
lr_1e_4,/root/autodl-tmp/ddpo_pytorch_lr_sweep_2026-05-06/run/jpeg_4090_lr_1e_4_2026.05.06_18.08.10,jpeg_compressibility,0.0001,0.0001,18,0,74,74,1.1159291689210897,2.894152417720619e-10,0,,,,720.521007954,1778062804.7211192,,,,,,,
lr_1e_4,/root/autodl-tmp/ddpo_pytorch_lr_sweep_2026-05-06/run/jpeg_4090_lr_1e_4_2026.05.06_18.08.10,jpeg_compressibility,0.0001,0.0001,18,0,75,75,-0.7009631896056491,1.439863228647198e-10,0,,,,729.071004052,1778062811.912463,,,,,,,
lr_1e_4,/root/autodl-tmp/ddpo_pytorch_lr_sweep_2026-05-06/run/jpeg_4090_lr_1e_4_2026.05.06_18.08.10,jpeg_compressibility,0.0001,0.0001,19,0,76,76,0.7426243870767626,4.67760968847486e-11,0,"[-164.866, -150.631, -73.683, -105.815]",-123.74875,36.1990411639245,743.378706422,1778062827.5285897,images/separated,['dowitcher | -105.81'],1,['media/images/images_75_2754f87edf5820b07411.jpg'],jpg,256,256
lr_1e_4,/root/autodl-tmp/ddpo_pytorch_lr_sweep_2026-05-06/run/jpeg_4090_lr_1e_4_2026.05.06_18.08.10,jpeg_compressibility,0.0001,0.0001,19,0,77,77,-0.49542014254151,6.402343238898212e-11,0,,,,750.563442619,1778062834.769978,,,,,,,
lr_1e_4,/root/autodl-tmp/ddpo_pytorch_lr_sweep_2026-05-06/run/jpeg_4090_lr_1e_4_2026.05.06_18.08.10,jpeg_compressibility,0.0001,0.0001,19,0,78,78,1.1358618402803564,3.5005615073302465e-10,0.019999999552965164,,,,757.737393902,1778062841.9549515,,,,,,,
lr_1e_4,/root/autodl-tmp/ddpo_pytorch_lr_sweep_2026-05-06/run/jpeg_4090_lr_1e_4_2026.05.06_18.08.10,jpeg_compressibility,0.0001,0.0001,19,0,79,79,-1.3830604081369737,2.0014387369649e-10,0.019999999552965164,,,,757.881556098,1778062849.1288636,,,,,,,
lr_6e_4,/root/autodl-tmp/ddpo_pytorch_lr_sweep_2026-05-06/run/jpeg_4090_lr_6e_4_2026.05.06_18.21.00,jpeg_compressibility,0.0006,0.0001,0,0,0,0,1.0616834958096255,1.9058436773189413e-10,0.019999999552965164,"[-137.378, -147.317, -42.906, -81.031]",-102.158,42.53508350174006,27.249729236,1778062881.1820233,images/separated,"['howler monkey, howler | -81.03']",1,['media/images/images_0_7ce9d2f4dd8db3090b6e.jpg'],jpg,256,256
lr_6e_4,/root/autodl-tmp/ddpo_pytorch_lr_sweep_2026-05-06/run/jpeg_4090_lr_6e_4_2026.05.06_18.21.00,jpeg_compressibility,0.0006,0.0001,0,0,1,1,-0.4966823327337562,6.267923957636867e-09,0.03999999910593033,,,,34.676440939,1778062888.566861,,,,,,,
lr_6e_4,/root/autodl-tmp/ddpo_pytorch_lr_sweep_2026-05-06/run/jpeg_4090_lr_6e_4_2026.05.06_18.21.00,jpeg_compressibility,0.0006,0.0001,0,0,2,2,-1.392923816270395,4.17371097682917e-08,0.09999999403953552,,,,42.047803626,1778062895.993566,,,,,,,
lr_6e_4,/root/autodl-tmp/ddpo_pytorch_lr_sweep_2026-05-06/run/jpeg_4090_lr_6e_4_2026.05.06_18.21.00,jpeg_compressibility,0.0006,0.0001,0,0,3,3,0.8279907131888702,2.1083303636260098e-07,0.3199999928474426,,,,50.632806982,1778062903.365024,,,,,,,
lr_6e_4,/root/autodl-tmp/ddpo_pytorch_lr_sweep_2026-05-06/run/jpeg_4090_lr_6e_4_2026.05.06_18.21.00,jpeg_compressibility,0.0006,0.0001,1,0,4,4,-0.45453740789185887,2.294244100253806e-10,0.019999999552965164,"[-63.777, -91.087, -124.775, -136.942]",-104.14525,28.728587229230403,65.091222991,1778062919.1618717,images/separated,['scorpion | -136.94'],1,['media/images/images_3_cf476e59b2df29cba54f.jpg'],jpg,256,256
lr_6e_4,/root/autodl-tmp/ddpo_pytorch_lr_sweep_2026-05-06/run/jpeg_4090_lr_6e_4_2026.05.06_18.21.00,jpeg_compressibility,0.0006,0.0001,1,0,5,5,0.718082339692369,2.1988555420904277e-09,0.03999999910593033,,,,72.450206671,1778062926.4086142,,,,,,,
lr_6e_4,/root/autodl-tmp/ddpo_pytorch_lr_sweep_2026-05-06/run/jpeg_4090_lr_6e_4_2026.05.06_18.21.00,jpeg_compressibility,0.0006,0.0001,1,0,6,6,1.1415858449906922,8.301907605812175e-09,0.11999999731779099,,,,79.915915729,1778062933.7674372,,,,,,,
lr_6e_4,/root/autodl-tmp/ddpo_pytorch_lr_sweep_2026-05-06/run/jpeg_4090_lr_6e_4_2026.05.06_18.21.00,jpeg_compressibility,0.0006,0.0001,1,0,7,7,-1.4050803048613485,1.681858030622152e-08,0.11999999731779099,,,,88.841912076,1778062941.233262,,,,,,,
lr_6e_4,/root/autodl-tmp/ddpo_pytorch_lr_sweep_2026-05-06/run/jpeg_4090_lr_6e_4_2026.05.06_18.21.00,jpeg_compressibility,0.0006,0.0001,2,0,8,8,0.28345292467368444,1.237231844752884e-10,0,"[-110.465, -93.741, -124.563, -99.824]",-107.14825,11.701210821427843,103.585156428,1778062957.4782646,images/separated,"['howler monkey, howler | -99.82']",1,['media/images/images_7_865bb4413a67f9eb7f4a.jpg'],jpg,256,256
lr_6e_4,/root/autodl-tmp/ddpo_pytorch_lr_sweep_2026-05-06/run/jpeg_4090_lr_6e_4_2026.05.06_18.21.00,jpeg_compressibility,0.0006,0.0001,2,0,9,9,-1.1457912179982745,1.6456149776189477e-09,0.019999999552965164,,,,111.011815683,1778062964.902543,,,,,,,
lr_6e_4,/root/autodl-tmp/ddpo_pytorch_lr_sweep_2026-05-06/run/jpeg_4090_lr_6e_4_2026.05.06_18.21.00,jpeg_compressibility,0.0006,0.0001,2,0,10,10,-0.625928053983352,2.7902651300593106e-09,0.03999999910593033,,,,118.414565551,1778062972.3288858,,,,,,,
lr_6e_4,/root/autodl-tmp/ddpo_pytorch_lr_sweep_2026-05-06/run/jpeg_4090_lr_6e_4_2026.05.06_18.21.00,jpeg_compressibility,0.0006,0.0001,2,0,11,11,1.4882603696886656,5.1500039788265894e-09,0.05999999865889549,,,,127.134296706,1778062979.7320135,,,,,,,
lr_6e_4,/root/autodl-tmp/ddpo_pytorch_lr_sweep_2026-05-06/run/jpeg_4090_lr_6e_4_2026.05.06_18.21.00,jpeg_compressibility,0.0006,0.0001,3,0,12,12,0.35427968963786366,2.074822952335964e-10,0.019999999552965164,"[-77.32, -105.617, -155.524, -126.332]",-116.19825,28.603709011026876,141.403030897,1778062995.5789692,images/separated,"['clumber, clumber spaniel | -126.33']",1,['media/images/images_11_5b74a1c745a6ae9ccd23.jpg'],jpg,256,256
lr_6e_4,/root/autodl-tmp/ddpo_pytorch_lr_sweep_2026-05-06/run/jpeg_4090_lr_6e_4_2026.05.06_18.21.00,jpeg_compressibility,0.0006,0.0001,3,0,13,13,1.3748380160544773,1.308757879847633e-09,0.03999999910593033,,,,148.609023249,1778063002.720234,,,,,,,
lr_6e_4,/root/autodl-tmp/ddpo_pytorch_lr_sweep_2026-05-06/run/jpeg_4090_lr_6e_4_2026.05.06_18.21.00,jpeg_compressibility,0.0006,0.0001,3,0,14,14,-0.3699181403037728,5.9905094218493105e-09,0.03999999910593033,,,,155.968157104,1778063009.9264307,,,,,,,
lr_6e_4,/root/autodl-tmp/ddpo_pytorch_lr_sweep_2026-05-06/run/jpeg_4090_lr_6e_4_2026.05.06_18.21.00,jpeg_compressibility,0.0006,0.0001,3,0,15,15,-1.3591529219373246,1.7713954747478056e-08,0.05999999865889549,,,,164.77988145,1778063017.285583,,,,,,,
lr_6e_4,/root/autodl-tmp/ddpo_pytorch_lr_sweep_2026-05-06/run/jpeg_4090_lr_6e_4_2026.05.06_18.21.00,jpeg_compressibility,0.0006,0.0001,4,0,16,16,0.9097484421029897,1.1820361356384979e-10,0,"[-88.134, -64.745, -127.973, -130.406]",-102.81450000000001,27.654316593436185,179.253132745,1778063033.2108712,images/separated,"['nematode, nematode worm,  | -130.41']",1,['media/images/images_15_38db966810fd3c1add5c.jpg'],jpg,256,256
lr_6e_4,/root/autodl-tmp/ddpo_pytorch_lr_sweep_2026-05-06/run/jpeg_4090_lr_6e_4_2026.05.06_18.21.00,jpeg_compressibility,0.0006,0.0001,4,0,17,17,0.997724583762586,3.048603314237397e-10,0,,,,186.57942119,1778063040.5704992,,,,,,,
lr_6e_4,/root/autodl-tmp/ddpo_pytorch_lr_sweep_2026-05-06/run/jpeg_4090_lr_6e_4_2026.05.06_18.21.00,jpeg_compressibility,0.0006,0.0001,4,0,18,18,-1.3766148165253735,4.711832590764686e-10,0.019999999552965164,,,,193.900485961,1778063047.896851,,,,,,,
lr_6e_4,/root/autodl-tmp/ddpo_pytorch_lr_sweep_2026-05-06/run/jpeg_4090_lr_6e_4_2026.05.06_18.21.00,jpeg_compressibility,0.0006,0.0001,4,0,19,19,-0.5308497227085185,1.868302623719842e-09,0.03999999910593033,,,,202.623141286,1778063055.2178257,,,,,,,
lr_6e_4,/root/autodl-tmp/ddpo_pytorch_lr_sweep_2026-05-06/run/jpeg_4090_lr_6e_4_2026.05.06_18.21.00,jpeg_compressibility,0.0006,0.0001,5,0,20,20,0.14620010628026944,1.712901522010757e-11,0,"[-161.37, -94.529, -113.493, -63.894]",-108.3215,35.37274224950619,216.854859296,1778063070.9739017,images/separated,"['junco, snowbird | -63.89']",1,['media/images/images_19_eb1eeea2c5de4aba9496.jpg'],jpg,256,256
lr_6e_4,/root/autodl-tmp/ddpo_pytorch_lr_sweep_2026-05-06/run/jpeg_4090_lr_6e_4_2026.05.06_18.21.00,jpeg_compressibility,0.0006,0.0001,5,0,21,21,-0.38991915462678484,1.1573039054857404e-10,0,,,,223.98835385,1778063078.1721473,,,,,,,
lr_6e_4,/root/autodl-tmp/ddpo_pytorch_lr_sweep_2026-05-06/run/jpeg_4090_lr_6e_4_2026.05.06_18.21.00,jpeg_compressibility,0.0006,0.0001,5,0,22,22,-1.2559535493032556,7.510103650076871e-09,0.019999999552965164,,,,231.160203435,1778063085.30578,,,,,,,
lr_6e_4,/root/autodl-tmp/ddpo_pytorch_lr_sweep_2026-05-06/run/jpeg_4090_lr_6e_4_2026.05.06_18.21.00,jpeg_compressibility,0.0006,0.0001,5,0,23,23,1.4996989340347835,5.909129630055077e-09,0.05999999865889549,,,,239.91036734,1778063092.4775634,,,,,,,
lr_6e_4,/root/autodl-tmp/ddpo_pytorch_lr_sweep_2026-05-06/run/jpeg_4090_lr_6e_4_2026.05.06_18.21.00,jpeg_compressibility,0.0006,0.0001,6,0,24,24,0.8051098396412861,9.205150530711137e-11,0,"[-135.452, -110.783, -140.915, -105.724]",-123.21849999999999,15.194767397035069,254.327627838,1778063108.347498,images/separated,"['Angora, Angora rabbit | -105.72']",1,['media/images/images_23_e4ba2867b8c519ce1c5a.jpg'],jpg,256,256
lr_6e_4,/root/autodl-tmp/ddpo_pytorch_lr_sweep_2026-05-06/run/jpeg_4090_lr_6e_4_2026.05.06_18.21.00,jpeg_compressibility,0.0006,0.0001,6,0,25,25,-1.1513531805613204,2.587118019814483e-10,0,,,,261.513598349,1778063115.645165,,,,,,,
lr_6e_4,/root/autodl-tmp/ddpo_pytorch_lr_sweep_2026-05-06/run/jpeg_4090_lr_6e_4_2026.05.06_18.21.00,jpeg_compressibility,0.0006,0.0001,6,0,26,26,-0.818379396767209,6.7282508453558876e-09,0.05999999865889549,,,,268.633349144,1778063122.8308835,,,,,,,
lr_6e_4,/root/autodl-tmp/ddpo_pytorch_lr_sweep_2026-05-06/run/jpeg_4090_lr_6e_4_2026.05.06_18.21.00,jpeg_compressibility,0.0006,0.0001,6,0,27,27,1.1646304147985231,4.628548655460918e-09,0.05999999865889549,,,,277.28342151,1778063129.9506586,,,,,,,
lr_6e_4,/root/autodl-tmp/ddpo_pytorch_lr_sweep_2026-05-06/run/jpeg_4090_lr_6e_4_2026.05.06_18.21.00,jpeg_compressibility,0.0006,0.0001,7,0,28,28,-1.2371543963359393,2.220458192314645e-11,0,"[-116.414, -94.703, -101.906, -85.911]",-99.7335,11.17280485151334,291.599299366,1778063145.6667426,images/separated,['conch | -85.91'],1,['media/images/images_27_961d723218128310d4c3.jpg'],jpg,256,256
lr_6e_4,/root/autodl-tmp/ddpo_pytorch_lr_sweep_2026-05-06/run/jpeg_4090_lr_6e_4_2026.05.06_18.21.00,jpeg_compressibility,0.0006,0.0001,7,0,29,29,0.1944434643993472,2.148921263156467e-09,0.019999999552965164,,,,298.964465192,1778063152.916599,,,,,,,
lr_6e_4,/root/autodl-tmp/ddpo_pytorch_lr_sweep_2026-05-06/run/jpeg_4090_lr_6e_4_2026.05.06_18.21.00,jpeg_compressibility,0.0006,0.0001,7,0,30,30,-0.45023864340720227,2.5739339548636053e-09,0.03999999910593033,,,,306.220358137,1778063160.2817981,,,,,,,
lr_6e_4,/root/autodl-tmp/ddpo_pytorch_lr_sweep_2026-05-06/run/jpeg_4090_lr_6e_4_2026.05.06_18.21.00,jpeg_compressibility,0.0006,0.0001,7,0,31,31,1.4929246786393622,1.3075610816315475e-08,0.05999999865889549,,,,315.073739468,1778063167.5376117,,,,,,,
lr_6e_4,/root/autodl-tmp/ddpo_pytorch_lr_sweep_2026-05-06/run/jpeg_4090_lr_6e_4_2026.05.06_18.21.00,jpeg_compressibility,0.0006,0.0001,8,0,32,32,0.956707046986949,1.4051959595917651e-10,0,"[-67.376, -77.763, -57.607, -76.935]",-69.92025000000001,8.197633480919967,329.929788131,1778063183.7849736,images/separated,"['tiger shark, Galeocerdo c | -76.94']",1,['media/images/images_31_494af952a16a279aad8d.jpg'],jpg,256,256
lr_6e_4,/root/autodl-tmp/ddpo_pytorch_lr_sweep_2026-05-06/run/jpeg_4090_lr_6e_4_2026.05.06_18.21.00,jpeg_compressibility,0.0006,0.0001,8,0,33,33,-1.5020416179788296,3.809603188464905e-10,0.03999999910593033,,,,337.377379709,1778063191.2469223,,,,,,,
lr_6e_4,/root/autodl-tmp/ddpo_pytorch_lr_sweep_2026-05-06/run/jpeg_4090_lr_6e_4_2026.05.06_18.21.00,jpeg_compressibility,0.0006,0.0001,8,0,34,34,0.8556925430073582,1.4618195542936974e-09,0.07999999821186066,,,,344.799637231,1778063198.6947353,,,,,,,
lr_6e_4,/root/autodl-tmp/ddpo_pytorch_lr_sweep_2026-05-06/run/jpeg_4090_lr_6e_4_2026.05.06_18.21.00,jpeg_compressibility,0.0006,0.0001,8,0,35,35,-0.31034840520674384,6.6569714185504836e-09,0.17999999225139618,,,,353.667128023,1778063206.1169982,,,,,,,
lr_6e_4,/root/autodl-tmp/ddpo_pytorch_lr_sweep_2026-05-06/run/jpeg_4090_lr_6e_4_2026.05.06_18.21.00,jpeg_compressibility,0.0006,0.0001,9,0,36,36,0.7357496044969736,5.849085799036757e-11,0,"[-98.838, -68.84, -117.905, -114.147]",-99.93249999999999,19.319706603621082,368.378343353,1778063222.295823,images/separated,"['clumber, clumber spaniel | -114.15']",1,['media/images/images_35_858a893488191117c47a.jpg'],jpg,256,256
lr_6e_4,/root/autodl-tmp/ddpo_pytorch_lr_sweep_2026-05-06/run/jpeg_4090_lr_6e_4_2026.05.06_18.21.00,jpeg_compressibility,0.0006,0.0001,9,0,37,37,-1.609344157375111,1.7853016842650504e-09,0.03999999910593033,,,,375.506259456,1778063229.6957576,,,,,,,
lr_6e_4,/root/autodl-tmp/ddpo_pytorch_lr_sweep_2026-05-06/run/jpeg_4090_lr_6e_4_2026.05.06_18.21.00,jpeg_compressibility,0.0006,0.0001,9,0,38,38,0.9302630933601926,1.3142251731323995e-09,0.019999999552965164,,,,382.621547621,1778063236.8236096,,,,,,,
lr_6e_4,/root/autodl-tmp/ddpo_pytorch_lr_sweep_2026-05-06/run/jpeg_4090_lr_6e_4_2026.05.06_18.21.00,jpeg_compressibility,0.0006,0.0001,9,0,39,39,-0.05664940420530157,1.3533206555393917e-08,0.14000000059604645,,,,390.989556089,1778063243.9388888,,,,,,,
lr_6e_4,/root/autodl-tmp/ddpo_pytorch_lr_sweep_2026-05-06/run/jpeg_4090_lr_6e_4_2026.05.06_18.21.00,jpeg_compressibility,0.0006,0.0001,10,0,40,40,-1.0632269938816088,6.215217229765813e-11,0,"[-105.397, -52.334, -56.543, -90.398]",-76.168,22.416665240396487,405.125302056,1778063259.3698545,images/separated,"['flatworm, platyhelminth | -90.40']",1,['media/images/images_39_4dca24de0cc78c51d22f.jpg'],jpg,256,256
lr_6e_4,/root/autodl-tmp/ddpo_pytorch_lr_sweep_2026-05-06/run/jpeg_4090_lr_6e_4_2026.05.06_18.21.00,jpeg_compressibility,0.0006,0.0001,10,0,41,41,-0.8754593395082267,5.229657817906741e-10,0.019999999552965164,,,,412.245412354,1778063266.4427838,,,,,,,
lr_6e_4,/root/autodl-tmp/ddpo_pytorch_lr_sweep_2026-05-06/run/jpeg_4090_lr_6e_4_2026.05.06_18.21.00,jpeg_compressibility,0.0006,0.0001,10,0,42,42,0.634788028399298,6.4322929205218315e-09,0.03999999910593033,,,,419.400652074,1778063273.5629246,,,,,,,
lr_6e_4,/root/autodl-tmp/ddpo_pytorch_lr_sweep_2026-05-06/run/jpeg_4090_lr_6e_4_2026.05.06_18.21.00,jpeg_compressibility,0.0006,0.0001,10,0,43,43,1.3038762697482462,6.241085515057421e-08,0.11999999731779099,,,,428.050845826,1778063280.7181125,,,,,,,
lr_6e_4,/root/autodl-tmp/ddpo_pytorch_lr_sweep_2026-05-06/run/jpeg_4090_lr_6e_4_2026.05.06_18.21.00,jpeg_compressibility,0.0006,0.0001,11,0,44,44,-1.0342695011452852,1.2162283680172692e-10,0.019999999552965164,"[-125.26, -92.896, -121.968, -94.033]",-108.53925000000001,15.124957576386787,442.550222621,1778063296.5857954,images/separated,"['African chameleon, Chamae | -94.03']",1,['media/images/images_43_acfa3b5473065f3c65a5.jpg'],jpg,256,256
lr_6e_4,/root/autodl-tmp/ddpo_pytorch_lr_sweep_2026-05-06/run/jpeg_4090_lr_6e_4_2026.05.06_18.21.00,jpeg_compressibility,0.0006,0.0001,11,0,45,45,0.8878505712143323,3.732323894389822e-10,0.019999999552965164,,,,449.810382317,1778063303.8676803,,,,,,,
lr_6e_4,/root/autodl-tmp/ddpo_pytorch_lr_sweep_2026-05-06/run/jpeg_4090_lr_6e_4_2026.05.06_18.21.00,jpeg_compressibility,0.0006,0.0001,11,0,46,46,-0.9590607097024128,1.4096966260979116e-08,0.07999999821186066,,,,457.086909834,1778063311.1276424,,,,,,,
lr_6e_4,/root/autodl-tmp/ddpo_pytorch_lr_sweep_2026-05-06/run/jpeg_4090_lr_6e_4_2026.05.06_18.21.00,jpeg_compressibility,0.0006,0.0001,11,0,47,47,1.105492617275664,1.2949917582716353e-08,0.03999999910593033,,,,465.662286454,1778063318.4042466,,,,,,,
lr_6e_4,/root/autodl-tmp/ddpo_pytorch_lr_sweep_2026-05-06/run/jpeg_4090_lr_6e_4_2026.05.06_18.21.00,jpeg_compressibility,0.0006,0.0001,12,0,48,48,-0.9131220506737094,3.744991816656551e-11,0,"[-87.722, -140.176, -107.964, -90.977]",-106.70974999999999,20.794332790149817,480.09874423,1778063334.151039,images/separated,"['Saluki, gazelle hound | -90.98']",1,['media/images/images_47_0ac6a2dbb996e8a15c56.jpg'],jpg,256,256
lr_6e_4,/root/autodl-tmp/ddpo_pytorch_lr_sweep_2026-05-06/run/jpeg_4090_lr_6e_4_2026.05.06_18.21.00,jpeg_compressibility,0.0006,0.0001,12,0,49,49,1.609379667290355,1.4811725179697532e-09,0.019999999552965164,,,,487.271718049,1778063341.4160304,,,,,,,
lr_6e_4,/root/autodl-tmp/ddpo_pytorch_lr_sweep_2026-05-06/run/jpeg_4090_lr_6e_4_2026.05.06_18.21.00,jpeg_compressibility,0.0006,0.0001,12,0,50,50,-0.7565773295063041,3.0720450627796936e-09,0.019999999552965164,,,,494.0717305,1778063348.5891187,,,,,,,
lr_6e_4,/root/autodl-tmp/ddpo_pytorch_lr_sweep_2026-05-06/run/jpeg_4090_lr_6e_4_2026.05.06_18.21.00,jpeg_compressibility,0.0006,0.0001,12,0,51,51,0.060315459416745654,2.6301053779320682e-08,0.17999999225139618,,,,502.560021619,1778063355.3893542,,,,,,,
lr_6e_4,/root/autodl-tmp/ddpo_pytorch_lr_sweep_2026-05-06/run/jpeg_4090_lr_6e_4_2026.05.06_18.21.00,jpeg_compressibility,0.0006,0.0001,13,0,52,52,-1.3252901814002098,6.499221993916393e-11,0,"[-128.279, -75.858, -50.733, -100.728]",-88.8995,28.79852807436519,515.995536346,1778063370.3163068,images/separated,['macaque | -100.73'],1,['media/images/images_51_017ce507ecda9a6f1e9b.jpg'],jpg,256,256
lr_6e_4,/root/autodl-tmp/ddpo_pytorch_lr_sweep_2026-05-06/run/jpeg_4090_lr_6e_4_2026.05.06_18.21.00,jpeg_compressibility,0.0006,0.0001,13,0,53,53,1.367393643309286,1.0194097121996037e-08,0.03999999910593033,,,,523.115392459,1778063377.312789,,,,,,,
lr_6e_4,/root/autodl-tmp/ddpo_pytorch_lr_sweep_2026-05-06/run/jpeg_4090_lr_6e_4_2026.05.06_18.21.00,jpeg_compressibility,0.0006,0.0001,13,0,54,54,-0.452833118422566,1.2926228087906111e-08,0.09999999403953552,,,,530.258506738,1778063384.4327912,,,,,,,
lr_6e_4,/root/autodl-tmp/ddpo_pytorch_lr_sweep_2026-05-06/run/jpeg_4090_lr_6e_4_2026.05.06_18.21.00,jpeg_compressibility,0.0006,0.0001,13,0,55,55,0.4107254353404441,2.647954389090046e-08,0.07999999821186066,,,,538.668015343,1778063391.5759976,,,,,,,
lr_6e_4,/root/autodl-tmp/ddpo_pytorch_lr_sweep_2026-05-06/run/jpeg_4090_lr_6e_4_2026.05.06_18.21.00,jpeg_compressibility,0.0006,0.0001,14,0,56,56,1.195059773942847,1.3170191326405956e-10,0.019999999552965164,"[-91.678, -111.835, -80.95, -105.472]",-97.48374999999999,12.008769053799806,552.986725547,1778063407.0617936,images/separated,['Australian terrier | -105.47'],1,['media/images/images_55_9c6476fa0001d44abd10.jpg'],jpg,256,256
lr_6e_4,/root/autodl-tmp/ddpo_pytorch_lr_sweep_2026-05-06/run/jpeg_4090_lr_6e_4_2026.05.06_18.21.00,jpeg_compressibility,0.0006,0.0001,14,0,57,57,-1.3767791064992398,5.0812891672080696e-09,0.019999999552965164,,,,560.314055977,1778063414.3040884,,,,,,,
lr_6e_4,/root/autodl-tmp/ddpo_pytorch_lr_sweep_2026-05-06/run/jpeg_4090_lr_6e_4_2026.05.06_18.21.00,jpeg_compressibility,0.0006,0.0001,14,0,58,58,0.6651908260043394,1.2062081111707812e-08,0.05999999865889549,,,,567.67714971,1778063421.631278,,,,,,,
lr_6e_4,/root/autodl-tmp/ddpo_pytorch_lr_sweep_2026-05-06/run/jpeg_4090_lr_6e_4_2026.05.06_18.21.00,jpeg_compressibility,0.0006,0.0001,14,0,59,59,-0.4834241197775978,3.392979763816584e-08,0.11999999731779099,,,,576.452529902,1778063428.9945056,,,,,,,
lr_6e_4,/root/autodl-tmp/ddpo_pytorch_lr_sweep_2026-05-06/run/jpeg_4090_lr_6e_4_2026.05.06_18.21.00,jpeg_compressibility,0.0006,0.0001,15,0,60,60,-1.4065228044611156,7.805425750184725e-11,0,"[-72.465, -130.995, -95.62, -111.553]",-102.65825000000001,21.466586167518578,591.309534222,1778063445.1244843,images/separated,['admiral | -111.55'],1,['media/images/images_59_03123f0b02aadb9cc4fc.jpg'],jpg,256,256
lr_6e_4,/root/autodl-tmp/ddpo_pytorch_lr_sweep_2026-05-06/run/jpeg_4090_lr_6e_4_2026.05.06_18.21.00,jpeg_compressibility,0.0006,0.0001,15,0,61,61,1.3200325391042549,3.026941586270482e-09,0.03999999910593033,,,,598.795179672,1778063452.626738,,,,,,,
lr_6e_4,/root/autodl-tmp/ddpo_pytorch_lr_sweep_2026-05-06/run/jpeg_4090_lr_6e_4_2026.05.06_18.21.00,jpeg_compressibility,0.0006,0.0001,15,0,62,62,0.41434863404987576,9.522032051734186e-09,0.05999999865889549,,,,606.19228355,1778063460.1124961,,,,,,,
lr_6e_4,/root/autodl-tmp/ddpo_pytorch_lr_sweep_2026-05-06/run/jpeg_4090_lr_6e_4_2026.05.06_18.21.00,jpeg_compressibility,0.0006,0.0001,15,0,63,63,-0.32783882208571075,1.06743904382256e-07,0.1599999964237213,,,,614.931637032,1778063467.509641,,,,,,,
lr_6e_4,/root/autodl-tmp/ddpo_pytorch_lr_sweep_2026-05-06/run/jpeg_4090_lr_6e_4_2026.05.06_18.21.00,jpeg_compressibility,0.0006,0.0001,16,0,64,64,-0.5131062325784602,8.578322774344116e-11,0,"[-88.928, -68.612, -128.865, -48.841]",-83.8115,29.62244548058111,629.20805297,1778063483.3675125,images/separated,"['red-breasted merganser, M | -48.84']",1,['media/images/images_63_2a6d72c04c35d1471bbf.jpg'],jpg,256,256
lr_6e_4,/root/autodl-tmp/ddpo_pytorch_lr_sweep_2026-05-06/run/jpeg_4090_lr_6e_4_2026.05.06_18.21.00,jpeg_compressibility,0.0006,0.0001,16,0,65,65,1.520910053915203,2.90577895079025e-10,0,,,,636.434479742,1778063490.5253356,,,,,,,
lr_6e_4,/root/autodl-tmp/ddpo_pytorch_lr_sweep_2026-05-06/run/jpeg_4090_lr_6e_4_2026.05.06_18.21.00,jpeg_compressibility,0.0006,0.0001,16,0,66,66,0.17271970326813535,8.0520932144168e-09,0.05999999865889549,,,,643.629421183,1778063497.751903,,,,,,,
lr_6e_4,/root/autodl-tmp/ddpo_pytorch_lr_sweep_2026-05-06/run/jpeg_4090_lr_6e_4_2026.05.06_18.21.00,jpeg_compressibility,0.0006,0.0001,16,0,67,67,-1.1804674410748226,4.301499600956049e-08,0.09999999403953552,,,,652.123457043,1778063504.9469,,,,,,,
lr_6e_4,/root/autodl-tmp/ddpo_pytorch_lr_sweep_2026-05-06/run/jpeg_4090_lr_6e_4_2026.05.06_18.21.00,jpeg_compressibility,0.0006,0.0001,17,0,68,68,1.2268313467533856,4.350255988772034e-10,0.019999999552965164,"[-83.018, -90.712, -96.857, -72.883]",-85.86749999999999,8.95761102359329,666.473251733,1778063520.5973034,images/separated,"['guinea pig, Cavia cobaya | -72.88']",1,['media/images/images_67_13e4dc080e9d34c46b22.jpg'],jpg,256,256
lr_6e_4,/root/autodl-tmp/ddpo_pytorch_lr_sweep_2026-05-06/run/jpeg_4090_lr_6e_4_2026.05.06_18.21.00,jpeg_compressibility,0.0006,0.0001,17,0,69,69,0.5408219746800268,8.123511641144887e-09,0.019999999552965164,,,,673.658936271,1778063527.7906804,,,,,,,
lr_6e_4,/root/autodl-tmp/ddpo_pytorch_lr_sweep_2026-05-06/run/jpeg_4090_lr_6e_4_2026.05.06_18.21.00,jpeg_compressibility,0.0006,0.0001,17,0,70,70,-0.31809502256552974,2.3063668308509477e-08,0.07999999821186066,,,,680.801375301,1778063534.976413,,,,,,,
lr_6e_4,/root/autodl-tmp/ddpo_pytorch_lr_sweep_2026-05-06/run/jpeg_4090_lr_6e_4_2026.05.06_18.21.00,jpeg_compressibility,0.0006,0.0001,17,0,71,71,-1.4494564419019997,5.525360435854054e-08,0.07999999821186066,,,,689.309096342,1778063542.1188166,,,,,,,
lr_6e_4,/root/autodl-tmp/ddpo_pytorch_lr_sweep_2026-05-06/run/jpeg_4090_lr_6e_4_2026.05.06_18.21.00,jpeg_compressibility,0.0006,0.0001,18,0,72,72,-1.4575435762001194,2.145469392422772e-11,0,"[-141.609, -127.495, -83.322, -108.329]",-115.18875000000001,21.8633215954827,703.455176454,1778063557.7672708,images/separated,"['American chameleon, anole | -108.33']",1,['media/images/images_71_e8504d755d0b0055219a.jpg'],jpg,256,256
lr_6e_4,/root/autodl-tmp/ddpo_pytorch_lr_sweep_2026-05-06/run/jpeg_4090_lr_6e_4_2026.05.06_18.21.00,jpeg_compressibility,0.0006,0.0001,18,0,73,73,1.2084220101313619,1.657443515767909e-09,0.03999999910593033,,,,709.431352494,1778063564.7726192,,,,,,,
lr_6e_4,/root/autodl-tmp/ddpo_pytorch_lr_sweep_2026-05-06/run/jpeg_4090_lr_6e_4_2026.05.06_18.21.00,jpeg_compressibility,0.0006,0.0001,18,0,74,74,0.5628668895394278,2.620719641299729e-08,0.03999999910593033,,,,715.288229511,1778063570.748801,,,,,,,
lr_6e_4,/root/autodl-tmp/ddpo_pytorch_lr_sweep_2026-05-06/run/jpeg_4090_lr_6e_4_2026.05.06_18.21.00,jpeg_compressibility,0.0006,0.0001,18,0,75,75,-0.31372754062838,1.3249051278307888e-07,0.17999999225139618,,,,724.018415687,1778063576.6057029,,,,,,,
lr_6e_4,/root/autodl-tmp/ddpo_pytorch_lr_sweep_2026-05-06/run/jpeg_4090_lr_6e_4_2026.05.06_18.21.00,jpeg_compressibility,0.0006,0.0001,19,0,76,76,1.262044615762566,1.0183852372502855e-10,0,"[-103.212, -113.207, -72.139, -75.989]",-91.13675,17.487684471864764,738.290830928,1778063592.2784417,images/separated,['dowitcher | -75.99'],1,['media/images/images_75_5e5ce3c2d63d67ad31ed.jpg'],jpg,256,256
lr_6e_4,/root/autodl-tmp/ddpo_pytorch_lr_sweep_2026-05-06/run/jpeg_4090_lr_6e_4_2026.05.06_18.21.00,jpeg_compressibility,0.0006,0.0001,19,0,77,77,-0.8661840971081445,1.547861838702147e-09,0.019999999552965164,,,,745.586683375,1778063599.608163,,,,,,,
lr_6e_4,/root/autodl-tmp/ddpo_pytorch_lr_sweep_2026-05-06/run/jpeg_4090_lr_6e_4_2026.05.06_18.21.00,jpeg_compressibility,0.0006,0.0001,19,0,78,78,0.6904930979922146,7.296937720724372e-09,0.05999999865889549,,,,752.86670854,1778063606.9040434,,,,,,,
lr_6e_4,/root/autodl-tmp/ddpo_pytorch_lr_sweep_2026-05-06/run/jpeg_4090_lr_6e_4_2026.05.06_18.21.00,jpeg_compressibility,0.0006,0.0001,19,0,79,79,-1.0863168180935978,1.2256720971492996e-08,0.07999999821186066,,,,753.013208739,1778063614.184067,,,,,,,
clip_5e_4,/root/autodl-tmp/ddpo_pytorch_lr_sweep_2026-05-06/run/jpeg_4090_clip_5e_4_2026.05.06_18.33.45,jpeg_compressibility,0.0003,0.0005,0,0,0,0,1.061682922478766,1.9058436773189413e-10,0,"[-137.378, -147.317, -42.906, -81.031]",-102.158,42.53508350174006,27.013884537,1778063646.3699155,images/separated,"['howler monkey, howler | -81.03']",1,['media/images/images_0_7ce9d2f4dd8db3090b6e.jpg'],jpg,256,256
clip_5e_4,/root/autodl-tmp/ddpo_pytorch_lr_sweep_2026-05-06/run/jpeg_4090_clip_5e_4_2026.05.06_18.33.45,jpeg_compressibility,0.0003,0.0005,0,0,1,1,-0.49669085375416133,1.5481536053130185e-09,0,,,,34.457231382,1778063653.5252016,,,,,,,
clip_5e_4,/root/autodl-tmp/ddpo_pytorch_lr_sweep_2026-05-06/run/jpeg_4090_clip_5e_4_2026.05.06_18.33.45,jpeg_compressibility,0.0003,0.0005,0,0,2,2,-1.3929835664263592,3.835408879382385e-09,0.019999999552965164,,,,41.85024315,1778063660.9686382,,,,,,,
clip_5e_4,/root/autodl-tmp/ddpo_pytorch_lr_sweep_2026-05-06/run/jpeg_4090_clip_5e_4_2026.05.06_18.33.45,jpeg_compressibility,0.0003,0.0005,0,0,3,3,0.827996798534254,3.316975139000533e-08,0.019999999552965164,,,,50.637831269,1778063668.361647,,,,,,,
clip_5e_4,/root/autodl-tmp/ddpo_pytorch_lr_sweep_2026-05-06/run/jpeg_4090_clip_5e_4_2026.05.06_18.33.45,jpeg_compressibility,0.0003,0.0005,1,0,4,4,-0.4870672056006527,2.5083221610877615e-10,0,"[-68.561, -92.656, -126.382, -134.782]",-105.59525000000002,26.565556717063167,65.362508759,1778063684.5331569,images/separated,['scorpion | -134.78'],1,['media/images/images_3_45620734952196877287.jpg'],jpg,256,256
clip_5e_4,/root/autodl-tmp/ddpo_pytorch_lr_sweep_2026-05-06/run/jpeg_4090_clip_5e_4_2026.05.06_18.33.45,jpeg_compressibility,0.0003,0.0005,1,0,5,5,0.7824652497714117,8.928691674903177e-10,0,,,,72.894494609,1778063691.8739138,,,,,,,
clip_5e_4,/root/autodl-tmp/ddpo_pytorch_lr_sweep_2026-05-06/run/jpeg_4090_clip_5e_4_2026.05.06_18.33.45,jpeg_compressibility,0.0003,0.0005,1,0,6,6,1.0986637716332124,1.0052977339469749e-09,0,,,,80.260267776,1778063699.4058113,,,,,,,
clip_5e_4,/root/autodl-tmp/ddpo_pytorch_lr_sweep_2026-05-06/run/jpeg_4090_clip_5e_4_2026.05.06_18.33.45,jpeg_compressibility,0.0003,0.0005,1,0,7,7,-1.394046339912216,2.287706912795784e-09,0,,,,88.858967557,1778063706.7716866,,,,,,,
clip_5e_4,/root/autodl-tmp/ddpo_pytorch_lr_sweep_2026-05-06/run/jpeg_4090_clip_5e_4_2026.05.06_18.33.45,jpeg_compressibility,0.0003,0.0005,2,0,8,8,0.19395696768235804,4.9168780158481695e-11,0,"[-108.04, -92.639, -122.409, -100.56]",-105.912,10.971506573848465,103.330034354,1778063722.5278897,images/separated,"['howler monkey, howler | -100.56']",1,['media/images/images_7_9592b00004672c8dfc95.jpg'],jpg,256,256
clip_5e_4,/root/autodl-tmp/ddpo_pytorch_lr_sweep_2026-05-06/run/jpeg_4090_clip_5e_4_2026.05.06_18.33.45,jpeg_compressibility,0.0003,0.0005,2,0,9,9,-1.2097618181268504,3.7810896080792133e-10,0,,,,110.669914371,1778063729.8415031,,,,,,,
clip_5e_4,/root/autodl-tmp/ddpo_pytorch_lr_sweep_2026-05-06/run/jpeg_4090_clip_5e_4_2026.05.06_18.33.45,jpeg_compressibility,0.0003,0.0005,2,0,10,10,-0.487805500657916,5.912549894127039e-10,0,,,,118.114750121,1778063737.181394,,,,,,,
clip_5e_4,/root/autodl-tmp/ddpo_pytorch_lr_sweep_2026-05-06/run/jpeg_4090_clip_5e_4_2026.05.06_18.33.45,jpeg_compressibility,0.0003,0.0005,2,0,11,11,1.503599450536438,1.304939600821342e-09,0,,,,127.313223958,1778063744.6261022,,,,,,,
clip_5e_4,/root/autodl-tmp/ddpo_pytorch_lr_sweep_2026-05-06/run/jpeg_4090_clip_5e_4_2026.05.06_18.33.45,jpeg_compressibility,0.0003,0.0005,3,0,12,12,0.32261019239096245,8.386003003124642e-11,0,"[-78.049, -108.452, -159.805, -128.228]",-118.63350000000001,29.74017243141001,141.9964489,1778063761.1262844,images/separated,"['clumber, clumber spaniel | -128.23']",1,['media/images/images_11_9c8ab08231941f6addc6.jpg'],jpg,256,256
clip_5e_4,/root/autodl-tmp/ddpo_pytorch_lr_sweep_2026-05-06/run/jpeg_4090_clip_5e_4_2026.05.06_18.33.45,jpeg_compressibility,0.0003,0.0005,3,0,13,13,1.3843551557944225,1.6713793682399114e-09,0,,,,149.218492063,1778063768.5077794,,,,,,,
clip_5e_4,/root/autodl-tmp/ddpo_pytorch_lr_sweep_2026-05-06/run/jpeg_4090_clip_5e_4_2026.05.06_18.33.45,jpeg_compressibility,0.0003,0.0005,3,0,14,14,-0.34234805592734946,2.661649511903619e-10,0,,,,156.495987688,1778063775.7299225,,,,,,,
clip_5e_4,/root/autodl-tmp/ddpo_pytorch_lr_sweep_2026-05-06/run/jpeg_4090_clip_5e_4_2026.05.06_18.33.45,jpeg_compressibility,0.0003,0.0005,3,0,15,15,-1.3646191909065064,4.9094825982365364e-09,0.019999999552965164,,,,164.974324759,1778063783.0073917,,,,,,,
clip_5e_4,/root/autodl-tmp/ddpo_pytorch_lr_sweep_2026-05-06/run/jpeg_4090_clip_5e_4_2026.05.06_18.33.45,jpeg_compressibility,0.0003,0.0005,4,0,16,16,0.9882191387348825,2.605014537415684e-10,0,"[-89.923, -79.378, -125.954, -125.778]",-105.25825,20.94236997542303,179.321447578,1778063798.61767,images/separated,"['nematode, nematode worm,  | -125.78']",1,['media/images/images_15_1c4f2962d901201171ca.jpg'],jpg,256,256
clip_5e_4,/root/autodl-tmp/ddpo_pytorch_lr_sweep_2026-05-06/run/jpeg_4090_clip_5e_4_2026.05.06_18.33.45,jpeg_compressibility,0.0003,0.0005,4,0,17,17,0.9798200658471414,1.0033865405212339e-10,0,,,,186.595517535,1778063805.8327925,,,,,,,
clip_5e_4,/root/autodl-tmp/ddpo_pytorch_lr_sweep_2026-05-06/run/jpeg_4090_clip_5e_4_2026.05.06_18.33.45,jpeg_compressibility,0.0003,0.0005,4,0,18,18,-1.2357725064769645,4.671588671456561e-10,0,,,,193.861081997,1778063813.1068096,,,,,,,
clip_5e_4,/root/autodl-tmp/ddpo_pytorch_lr_sweep_2026-05-06/run/jpeg_4090_clip_5e_4_2026.05.06_18.33.45,jpeg_compressibility,0.0003,0.0005,4,0,19,19,-0.7322571165488208,7.53517595541986e-11,0,,,,202.323338241,1778063820.3724015,,,,,,,
clip_5e_4,/root/autodl-tmp/ddpo_pytorch_lr_sweep_2026-05-06/run/jpeg_4090_clip_5e_4_2026.05.06_18.33.45,jpeg_compressibility,0.0003,0.0005,5,0,20,20,0.12204436129207846,3.241269058706919e-11,0,"[-163.183, -96.419, -114.174, -65.668]",-109.86099999999999,35.33958922370208,216.611919811,1778063835.90324,images/separated,"['junco, snowbird | -65.67']",1,['media/images/images_19_b489cee5a22f2ed8f7c1.jpg'],jpg,256,256
clip_5e_4,/root/autodl-tmp/ddpo_pytorch_lr_sweep_2026-05-06/run/jpeg_4090_clip_5e_4_2026.05.06_18.33.45,jpeg_compressibility,0.0003,0.0005,5,0,21,21,-0.38036458667216216,3.978249119018784e-10,0,,,,223.824192474,1778063843.1233654,,,,,,,
clip_5e_4,/root/autodl-tmp/ddpo_pytorch_lr_sweep_2026-05-06/run/jpeg_4090_clip_5e_4_2026.05.06_18.33.45,jpeg_compressibility,0.0003,0.0005,5,0,22,22,-1.2505145596336902,1.7036138055814831e-09,0,,,,231.073560767,1778063850.335643,,,,,,,
clip_5e_4,/root/autodl-tmp/ddpo_pytorch_lr_sweep_2026-05-06/run/jpeg_4090_clip_5e_4_2026.05.06_18.33.45,jpeg_compressibility,0.0003,0.0005,5,0,23,23,1.5088297240899917,5.211048481612579e-09,0.019999999552965164,,,,239.936580965,1778063857.5849419,,,,,,,
clip_5e_4,/root/autodl-tmp/ddpo_pytorch_lr_sweep_2026-05-06/run/jpeg_4090_clip_5e_4_2026.05.06_18.33.45,jpeg_compressibility,0.0003,0.0005,6,0,24,24,0.13618051006121204,3.475286031173752e-11,0,"[-119.047, -108.239, -137.997, -103.708]",-117.24775,13.212220505558486,254.476862235,1778063873.6472905,images/separated,"['Angora, Angora rabbit | -103.71']",1,['media/images/images_23_6137cf06eff83f8cd96d.jpg'],jpg,256,256
clip_5e_4,/root/autodl-tmp/ddpo_pytorch_lr_sweep_2026-05-06/run/jpeg_4090_clip_5e_4_2026.05.06_18.33.45,jpeg_compressibility,0.0003,0.0005,6,0,25,25,-1.024782736780347,3.4240890678383096e-10,0,,,,261.845096644,1778063880.9883528,,,,,,,
clip_5e_4,/root/autodl-tmp/ddpo_pytorch_lr_sweep_2026-05-06/run/jpeg_4090_clip_5e_4_2026.05.06_18.33.45,jpeg_compressibility,0.0003,0.0005,6,0,26,26,-0.6818429234381149,1.378486658154543e-09,0,,,,269.247095928,1778063888.356484,,,,,,,
clip_5e_4,/root/autodl-tmp/ddpo_pytorch_lr_sweep_2026-05-06/run/jpeg_4090_clip_5e_4_2026.05.06_18.33.45,jpeg_compressibility,0.0003,0.0005,6,0,27,27,1.57044071325525,3.0115674398700776e-09,0.019999999552965164,,,,278.494678942,1778063895.7587328,,,,,,,
clip_5e_4,/root/autodl-tmp/ddpo_pytorch_lr_sweep_2026-05-06/run/jpeg_4090_clip_5e_4_2026.05.06_18.33.45,jpeg_compressibility,0.0003,0.0005,7,0,28,28,-1.5073379306226884,2.909095707381848e-11,0,"[-113.494, -94.814, -107.464, -77.753]",-98.38125,13.685224977599017,293.269554831,1778063912.369876,images/separated,['conch | -77.75'],1,['media/images/images_27_4ed21f5feb07bfc7d53d.jpg'],jpg,256,256
clip_5e_4,/root/autodl-tmp/ddpo_pytorch_lr_sweep_2026-05-06/run/jpeg_4090_clip_5e_4_2026.05.06_18.33.45,jpeg_compressibility,0.0003,0.0005,7,0,29,29,0.6636889485000501,4.29949020830378e-10,0,,,,300.675622214,1778063919.7810073,,,,,,,
clip_5e_4,/root/autodl-tmp/ddpo_pytorch_lr_sweep_2026-05-06/run/jpeg_4090_clip_5e_4_2026.05.06_18.33.45,jpeg_compressibility,0.0003,0.0005,7,0,30,30,-0.2606631612524047,8.775107723790754e-11,0,,,,308.11696392,1778063927.187015,,,,,,,
clip_5e_4,/root/autodl-tmp/ddpo_pytorch_lr_sweep_2026-05-06/run/jpeg_4090_clip_5e_4_2026.05.06_18.33.45,jpeg_compressibility,0.0003,0.0005,7,0,31,31,1.1043020483120285,1.5871471914508106e-09,0,,,,317.099926702,1778063934.6283042,,,,,,,
clip_5e_4,/root/autodl-tmp/ddpo_pytorch_lr_sweep_2026-05-06/run/jpeg_4090_clip_5e_4_2026.05.06_18.33.45,jpeg_compressibility,0.0003,0.0005,8,0,32,32,0.992509541229825,7.722736339310643e-11,0,"[-61.484, -81.35, -65.954, -81.201]",-72.49725000000001,8.91953253749881,331.676944584,1778063950.9638321,images/separated,"['tiger shark, Galeocerdo c | -81.20']",1,['media/images/images_31_00a01516de1afc1c3c81.jpg'],jpg,256,256
clip_5e_4,/root/autodl-tmp/ddpo_pytorch_lr_sweep_2026-05-06/run/jpeg_4090_clip_5e_4_2026.05.06_18.33.45,jpeg_compressibility,0.0003,0.0005,8,0,33,33,-0.7335857901478126,4.732297886889114e-11,0,,,,338.879650498,1778063958.188406,,,,,,,
clip_5e_4,/root/autodl-tmp/ddpo_pytorch_lr_sweep_2026-05-06/run/jpeg_4090_clip_5e_4_2026.05.06_18.33.45,jpeg_compressibility,0.0003,0.0005,8,0,34,34,0.9757963798945705,1.3009747723558007e-09,0,,,,346.106751209,1778063965.3908503,,,,,,,
clip_5e_4,/root/autodl-tmp/ddpo_pytorch_lr_sweep_2026-05-06/run/jpeg_4090_clip_5e_4_2026.05.06_18.33.45,jpeg_compressibility,0.0003,0.0005,8,0,35,35,-1.2347093530921065,1.883475819752789e-09,0,,,,354.687994376,1778063972.6182761,,,,,,,
clip_5e_4,/root/autodl-tmp/ddpo_pytorch_lr_sweep_2026-05-06/run/jpeg_4090_clip_5e_4_2026.05.06_18.33.45,jpeg_compressibility,0.0003,0.0005,9,0,36,36,1.2950465515504543,5.20033252571217e-11,0,"[-88.022, -66.828, -103.497, -119.964]",-94.57775000000001,19.602558460249515,369.141362784,1778063988.3820865,images/separated,"['clumber, clumber spaniel | -119.96']",1,['media/images/images_35_61205e81a0d3cce756ad.jpg'],jpg,256,256
clip_5e_4,/root/autodl-tmp/ddpo_pytorch_lr_sweep_2026-05-06/run/jpeg_4090_clip_5e_4_2026.05.06_18.33.45,jpeg_compressibility,0.0003,0.0005,9,0,37,37,-1.415608420912813,1.0010493545209442e-09,0,,,,376.428825183,1778063995.6528196,,,,,,,
clip_5e_4,/root/autodl-tmp/ddpo_pytorch_lr_sweep_2026-05-06/run/jpeg_4090_clip_5e_4_2026.05.06_18.33.45,jpeg_compressibility,0.0003,0.0005,9,0,38,38,0.45500261560190314,6.241587802158222e-10,0,,,,383.689883611,1778064002.940213,,,,,,,
clip_5e_4,/root/autodl-tmp/ddpo_pytorch_lr_sweep_2026-05-06/run/jpeg_4090_clip_5e_4_2026.05.06_18.33.45,jpeg_compressibility,0.0003,0.0005,9,0,39,39,-0.33442082898928577,8.243236315763625e-09,0.019999999552965164,,,,392.39934007,1778064010.201305,,,,,,,
clip_5e_4,/root/autodl-tmp/ddpo_pytorch_lr_sweep_2026-05-06/run/jpeg_4090_clip_5e_4_2026.05.06_18.33.45,jpeg_compressibility,0.0003,0.0005,10,0,40,40,-0.9292041157761557,5.2068190037335427e-11,0,"[-115.291, -62.976, -59.231, -114.503]",-88.00025,26.93076134622822,407.121776163,1778064026.2383034,images/separated,"['flatworm, platyhelminth | -114.50']",1,['media/images/images_39_df04943df14ddc5791cd.jpg'],jpg,256,256
clip_5e_4,/root/autodl-tmp/ddpo_pytorch_lr_sweep_2026-05-06/run/jpeg_4090_clip_5e_4_2026.05.06_18.33.45,jpeg_compressibility,0.0003,0.0005,10,0,41,41,-1.0682648689162926,2.0652661525399907e-10,0,,,,414.45023791,1778064033.6330085,,,,,,,
clip_5e_4,/root/autodl-tmp/ddpo_pytorch_lr_sweep_2026-05-06/run/jpeg_4090_clip_5e_4_2026.05.06_18.33.45,jpeg_compressibility,0.0003,0.0005,10,0,42,42,0.9840984089486642,7.78803133094641e-10,0,,,,421.796944169,1778064040.961484,,,,,,,
clip_5e_4,/root/autodl-tmp/ddpo_pytorch_lr_sweep_2026-05-06/run/jpeg_4090_clip_5e_4_2026.05.06_18.33.45,jpeg_compressibility,0.0003,0.0005,10,0,43,43,1.0133503251933764,2.1778656655868645e-09,0,,,,430.370857276,1778064048.3083866,,,,,,,
clip_5e_4,/root/autodl-tmp/ddpo_pytorch_lr_sweep_2026-05-06/run/jpeg_4090_clip_5e_4_2026.05.06_18.33.45,jpeg_compressibility,0.0003,0.0005,11,0,44,44,-1.4115922421360199,3.037613563461328e-11,0,"[-144.775, -102.345, -154.054, -121.968]",-130.78549999999998,20.14782586906091,444.681282948,1778064063.8785014,images/separated,"['African chameleon, Chamae | -121.97']",1,['media/images/images_43_f346492f6f68f0732a75.jpg'],jpg,256,256
clip_5e_4,/root/autodl-tmp/ddpo_pytorch_lr_sweep_2026-05-06/run/jpeg_4090_clip_5e_4_2026.05.06_18.33.45,jpeg_compressibility,0.0003,0.0005,11,0,45,45,1.154882677090214,7.126395584755585e-10,0,,,,451.974943812,1778064071.1927195,,,,,,,
clip_5e_4,/root/autodl-tmp/ddpo_pytorch_lr_sweep_2026-05-06/run/jpeg_4090_clip_5e_4_2026.05.06_18.33.45,jpeg_compressibility,0.0003,0.0005,11,0,46,46,-0.43763731025359554,7.944365165712952e-10,0,,,,459.276887693,1778064078.4864361,,,,,,,
clip_5e_4,/root/autodl-tmp/ddpo_pytorch_lr_sweep_2026-05-06/run/jpeg_4090_clip_5e_4_2026.05.06_18.33.45,jpeg_compressibility,0.0003,0.0005,11,0,47,47,0.6943278584862214,6.439281996506452e-09,0.019999999552965164,,,,467.977910993,1778064085.788227,,,,,,,
clip_5e_4,/root/autodl-tmp/ddpo_pytorch_lr_sweep_2026-05-06/run/jpeg_4090_clip_5e_4_2026.05.06_18.33.45,jpeg_compressibility,0.0003,0.0005,12,0,48,48,-0.60257223798042,1.8614529362359633e-10,0,"[-96.872, -136.89, -120.259, -83.316]",-109.33425,20.681673824608584,482.445074162,1778064101.6557012,images/separated,"['Saluki, gazelle hound | -83.32']",1,['media/images/images_47_3a6d84a4d1baafd32136.jpg'],jpg,256,256
clip_5e_4,/root/autodl-tmp/ddpo_pytorch_lr_sweep_2026-05-06/run/jpeg_4090_clip_5e_4_2026.05.06_18.33.45,jpeg_compressibility,0.0003,0.0005,12,0,49,49,1.3323748963107067,1.244763181418307e-10,0,,,,489.721908087,1778064108.9565284,,,,,,,
clip_5e_4,/root/autodl-tmp/ddpo_pytorch_lr_sweep_2026-05-06/run/jpeg_4090_clip_5e_4_2026.05.06_18.33.45,jpeg_compressibility,0.0003,0.0005,12,0,50,50,-1.2580242948432738,4.861511748721625e-10,0,,,,496.895898854,1778064116.233371,,,,,,,
clip_5e_4,/root/autodl-tmp/ddpo_pytorch_lr_sweep_2026-05-06/run/jpeg_4090_clip_5e_4_2026.05.06_18.33.45,jpeg_compressibility,0.0003,0.0005,12,0,51,51,0.5282314678878457,3.0857227883984706e-10,0,,,,505.75792379,1778064123.4073935,,,,,,,
clip_5e_4,/root/autodl-tmp/ddpo_pytorch_lr_sweep_2026-05-06/run/jpeg_4090_clip_5e_4_2026.05.06_18.33.45,jpeg_compressibility,0.0003,0.0005,13,0,52,52,-1.3177711827996816,8.640389792535785e-11,0,"[-133.433, -74.494, -46.052, -99.993]",-88.493,32.20661454577304,520.619205473,1778064139.6921196,images/separated,['macaque | -99.99'],1,['media/images/images_51_4bc20fb40bf12e3f45f8.jpg'],jpg,256,256
clip_5e_4,/root/autodl-tmp/ddpo_pytorch_lr_sweep_2026-05-06/run/jpeg_4090_clip_5e_4_2026.05.06_18.33.45,jpeg_compressibility,0.0003,0.0005,13,0,53,53,1.3953595686058355,1.4755260901999634e-10,0,,,,528.131737664,1778064147.1306045,,,,,,,
clip_5e_4,/root/autodl-tmp/ddpo_pytorch_lr_sweep_2026-05-06/run/jpeg_4090_clip_5e_4_2026.05.06_18.33.45,jpeg_compressibility,0.0003,0.0005,13,0,54,54,-0.43465768415823364,2.3050736874807853e-09,0,,,,535.694801616,1778064154.643106,,,,,,,
clip_5e_4,/root/autodl-tmp/ddpo_pytorch_lr_sweep_2026-05-06/run/jpeg_4090_clip_5e_4_2026.05.06_18.33.45,jpeg_compressibility,0.0003,0.0005,13,0,55,55,0.3570656605482968,6.445364242324558e-10,0,,,,544.983757638,1778064162.2060854,,,,,,,
clip_5e_4,/root/autodl-tmp/ddpo_pytorch_lr_sweep_2026-05-06/run/jpeg_4090_clip_5e_4_2026.05.06_18.33.45,jpeg_compressibility,0.0003,0.0005,14,0,56,56,-0.07327817552507836,2.1156488019813402e-11,0,"[-101.671, -116.056, -143.352, -107.813]",-117.223,15.925603081202294,559.606538293,1778064178.658805,images/separated,['Australian terrier | -107.81'],1,['media/images/images_55_bfde0a9b2d42a40a2345.jpg'],jpg,256,256
clip_5e_4,/root/autodl-tmp/ddpo_pytorch_lr_sweep_2026-05-06/run/jpeg_4090_clip_5e_4_2026.05.06_18.33.45,jpeg_compressibility,0.0003,0.0005,14,0,57,57,1.64068006158758,1.1321698023536442e-09,0,,,,566.861791526,1778064186.1178772,,,,,,,
clip_5e_4,/root/autodl-tmp/ddpo_pytorch_lr_sweep_2026-05-06/run/jpeg_4090_clip_5e_4_2026.05.06_18.33.45,jpeg_compressibility,0.0003,0.0005,14,0,58,58,-0.5908714980317871,5.467090113953077e-10,0,,,,572.864463217,1778064193.3732746,,,,,,,
clip_5e_4,/root/autodl-tmp/ddpo_pytorch_lr_sweep_2026-05-06/run/jpeg_4090_clip_5e_4_2026.05.06_18.33.45,jpeg_compressibility,0.0003,0.0005,14,0,59,59,-0.9765046259514896,5.27034194064413e-09,0.019999999552965164,,,,581.431517269,1778064199.376184,,,,,,,
clip_5e_4,/root/autodl-tmp/ddpo_pytorch_lr_sweep_2026-05-06/run/jpeg_4090_clip_5e_4_2026.05.06_18.33.45,jpeg_compressibility,0.0003,0.0005,15,0,60,60,-0.906085009187401,5.4662580017961204e-11,0,"[-97.614, -137.56, -99.992, -112.739]",-111.97625,15.850918938266638,594.239798369,1778064213.762929,images/separated,['admiral | -112.74'],1,['media/images/images_59_a3ca8610d6b0ca38484e.jpg'],jpg,256,256
clip_5e_4,/root/autodl-tmp/ddpo_pytorch_lr_sweep_2026-05-06/run/jpeg_4090_clip_5e_4_2026.05.06_18.33.45,jpeg_compressibility,0.0003,0.0005,15,0,61,61,1.6140226484017905,2.550172295556763e-10,0,,,,601.542262602,1778064220.7512836,,,,,,,
clip_5e_4,/root/autodl-tmp/ddpo_pytorch_lr_sweep_2026-05-06/run/jpeg_4090_clip_5e_4_2026.05.06_18.33.45,jpeg_compressibility,0.0003,0.0005,15,0,62,62,0.048119862557742955,6.870890523202888e-10,0,,,,608.978834982,1778064228.053606,,,,,,,
clip_5e_4,/root/autodl-tmp/ddpo_pytorch_lr_sweep_2026-05-06/run/jpeg_4090_clip_5e_4_2026.05.06_18.33.45,jpeg_compressibility,0.0003,0.0005,15,0,63,63,-0.75603559114876,2.110263297439019e-09,0,,,,617.746475812,1778064235.490314,,,,,,,
clip_5e_4,/root/autodl-tmp/ddpo_pytorch_lr_sweep_2026-05-06/run/jpeg_4090_clip_5e_4_2026.05.06_18.33.45,jpeg_compressibility,0.0003,0.0005,16,0,64,64,-0.9550727991817837,2.5346930110359267e-10,0,"[-162.313, -67.588, -142.426, -64.827]",-109.2885,43.66190613395159,632.412819023,1778064251.5406454,images/separated,"['red-breasted merganser, M | -64.83']",1,['media/images/images_63_7ff0467420bb5f761b03.jpg'],jpg,256,256
clip_5e_4,/root/autodl-tmp/ddpo_pytorch_lr_sweep_2026-05-06/run/jpeg_4090_clip_5e_4_2026.05.06_18.33.45,jpeg_compressibility,0.0003,0.0005,16,0,65,65,0.7589530241087903,3.9442091259722645e-10,0,,,,639.720820736,1778064258.9242823,,,,,,,
clip_5e_4,/root/autodl-tmp/ddpo_pytorch_lr_sweep_2026-05-06/run/jpeg_4090_clip_5e_4_2026.05.06_18.33.45,jpeg_compressibility,0.0003,0.0005,16,0,66,66,1.2144233655859862,2.677619237445583e-10,0,,,,647.128328496,1778064266.2320938,,,,,,,
clip_5e_4,/root/autodl-tmp/ddpo_pytorch_lr_sweep_2026-05-06/run/jpeg_4090_clip_5e_4_2026.05.06_18.33.45,jpeg_compressibility,0.0003,0.0005,16,0,67,67,-1.018309676532129,6.492718584993895e-10,0,,,,655.930548921,1778064273.6397784,,,,,,,
clip_5e_4,/root/autodl-tmp/ddpo_pytorch_lr_sweep_2026-05-06/run/jpeg_4090_clip_5e_4_2026.05.06_18.33.45,jpeg_compressibility,0.0003,0.0005,17,0,68,68,1.190664406030406,6.075001612870778e-11,0,"[-95.478, -110.976, -121.58, -75.277]",-100.82775,17.429167426687368,670.549695075,1778064289.7020597,images/separated,"['guinea pig, Cavia cobaya | -75.28']",1,['media/images/images_67_e277dcd826399acfc553.jpg'],jpg,256,256
clip_5e_4,/root/autodl-tmp/ddpo_pytorch_lr_sweep_2026-05-06/run/jpeg_4090_clip_5e_4_2026.05.06_18.33.45,jpeg_compressibility,0.0003,0.0005,17,0,69,69,0.5822548747882439,5.320784923767974e-10,0,,,,677.946680878,1778064297.0610602,,,,,,,
clip_5e_4,/root/autodl-tmp/ddpo_pytorch_lr_sweep_2026-05-06/run/jpeg_4090_clip_5e_4_2026.05.06_18.33.45,jpeg_compressibility,0.0003,0.0005,17,0,70,70,-0.30693940237425926,3.911022061764413e-10,0,,,,685.426363064,1778064304.4581234,,,,,,,
clip_5e_4,/root/autodl-tmp/ddpo_pytorch_lr_sweep_2026-05-06/run/jpeg_4090_clip_5e_4_2026.05.06_18.33.45,jpeg_compressibility,0.0003,0.0005,17,0,71,71,-1.4659583538240963,1.3315292202165097e-09,0,,,,694.396267899,1778064311.9377108,,,,,,,
clip_5e_4,/root/autodl-tmp/ddpo_pytorch_lr_sweep_2026-05-06/run/jpeg_4090_clip_5e_4_2026.05.06_18.33.45,jpeg_compressibility,0.0003,0.0005,18,0,72,72,-1.1104540550730133,1.9910028487002407e-11,0,"[-159.135, -187.19, -83.752, -96.025]",-131.5255,43.02154649998068,709.233044998,1778064328.1790454,images/separated,"['American chameleon, anole | -96.03']",1,['media/images/images_71_b791bef569977f1dd850.jpg'],jpg,256,256
clip_5e_4,/root/autodl-tmp/ddpo_pytorch_lr_sweep_2026-05-06/run/jpeg_4090_clip_5e_4_2026.05.06_18.33.45,jpeg_compressibility,0.0003,0.0005,18,0,73,73,0.6417598134104822,1.4284645688533715e-10,0,,,,716.698962451,1778064335.7443924,,,,,,,
clip_5e_4,/root/autodl-tmp/ddpo_pytorch_lr_sweep_2026-05-06/run/jpeg_4090_clip_5e_4_2026.05.06_18.33.45,jpeg_compressibility,0.0003,0.0005,18,0,74,74,1.293869266972105,4.1326458921631115e-10,0,,,,723.989302253,1778064343.210242,,,,,,,
clip_5e_4,/root/autodl-tmp/ddpo_pytorch_lr_sweep_2026-05-06/run/jpeg_4090_clip_5e_4_2026.05.06_18.33.45,jpeg_compressibility,0.0003,0.0005,18,0,75,75,-0.8251669769528823,8.731234069081495e-10,0,,,,732.825391385,1778064350.5007935,,,,,,,
clip_5e_4,/root/autodl-tmp/ddpo_pytorch_lr_sweep_2026-05-06/run/jpeg_4090_clip_5e_4_2026.05.06_18.33.45,jpeg_compressibility,0.0003,0.0005,19,0,76,76,0.6210252981987298,7.744981045387789e-11,0,"[-169.989, -146.175, -77.951, -100.237]",-123.588,36.370421842480745,747.150252021,1778064366.4634712,images/separated,['dowitcher | -100.24'],1,['media/images/images_75_a24793b886d6fbddeb45.jpg'],jpg,256,256
clip_5e_4,/root/autodl-tmp/ddpo_pytorch_lr_sweep_2026-05-06/run/jpeg_4090_clip_5e_4_2026.05.06_18.33.45,jpeg_compressibility,0.0003,0.0005,19,0,77,77,-0.6420321803662027,1.1108070019361094e-10,0,,,,754.536666266,1778064373.6616688,,,,,,,
clip_5e_4,/root/autodl-tmp/ddpo_pytorch_lr_sweep_2026-05-06/run/jpeg_4090_clip_5e_4_2026.05.06_18.33.45,jpeg_compressibility,0.0003,0.0005,19,0,78,78,1.275776586998919,1.3190982750543867e-09,0,,,,761.896873313,1778064381.0479913,,,,,,,
clip_5e_4,/root/autodl-tmp/ddpo_pytorch_lr_sweep_2026-05-06/run/jpeg_4090_clip_5e_4_2026.05.06_18.33.45,jpeg_compressibility,0.0003,0.0005,19,0,79,79,-1.2547620021890884,1.6002057456887542e-09,0,,,,762.045687783,1778064388.4083638,,,,,,,
